model,test_auc,top10_lift,profit_at_50pct
Logistic,0.7418117180406452,3.57207615593835,7129.782196315697
Neural_Net,0.7418117180406452,3.735267452402539,14718.140285740754
